plume_id,plume_latitude,plume_longitude,datetime,ipcc_sector,gas,emission_cmf_type,plume_bounds,instrument,mission_phase,published_at,modified,emission_version,processing_software,gsd,sensitivity_mode,off_nadir,emission_auto,emission_uncertainty_auto,wind_speed_avg_auto,wind_speed_std_auto,wind_direction_avg_auto,wind_direction_std_auto,wind_source_auto,platform,provider,plume_tif,plume_png,con_tif,rgb_tif,rgb_png,date,geometry,index_right,cluster,latitude,longitude
tan20260131t120930c78s4001-A,40.321826732492354,-3.585079182955241,2026-01-31T12:09:30+00:00,Solid Waste (6A),CH4,mfa,"[-3.5988873243845676, 40.30603855260439, -3.5589092826890987, 40.336788609330675]",tan,production,2026-03-02 12:19:08.996511+00:00,2026-03-02 12:19:08.994678+00:00,v3c,3.53.1,35.51142117045729,maximum_sensitivity,17.13921622869935,1680.1442323166907,378.1595621882746,6.3055555555555545,0.3747427100897788,283.6731989365752,6.346963851951484,ecmwf_ifs,Tanager,Planet Labs Inc.,https://api.carbonmapper.org/api/v1/catalog/asset/l3a-vis-ch4-mfa-v3c/2026/01/31/tan20260131t120930c78s4001-A/tan20260131t120930c78s4001-A_l3a-vis-ch4-mfa-v3c_plume.tif,https://api.carbonmapper.org/api/v1/catalog/asset/l3a-vis-ch4-mfa-v3c/2026/01/31/tan20260131t120930c78s4001-A/tan20260131t120930c78s4001-A_l3a-vis-ch4-mfa-v3c_plume.png,https://api.carbonmapper.org/api/v1/catalog/asset/l3a-ime-ch4-mfa-v3c/2026/01/31/tan20260131t120930c78s4001-A/tan20260131t120930c78s4001-A_l3a-ime-ch4-mfa-v3c_ime-cmf-concentrations.tif,https://api.carbonmapper.org/api/v1/catalog/asset/l3a-vis-ch4-mfa-v3c/2026/01/31/tan20260131t120930c78s4001-A/tan20260131t120930c78s4001-A_l3a-vis-ch4-mfa-v3c_rgb.tif,https://api.carbonmapper.org/api/v1/catalog/asset/l3a-vis-ch4-mfa-v3c/2026/01/31/tan20260131t120930c78s4001-A/tan20260131t120930c78s4001-A_l3a-vis-ch4-mfa-v3c_rgb.png,,POINT (450292.92316104367 4463642.061417889),91,91,40.33884783338711,-3.615719018581074
tan20251103t120232c40s4001-B,40.3221504714216,-3.589704212812193,2025-11-03T12:02:32+00:00,Solid Waste (6A),CH4,mfa,"[-3.614841088737552, 40.311109184193874, -3.572382961119153, 40.34347756721007]",tan,production,2025-12-03 12:19:10.780734+00:00,2025-12-03 12:19:10.779200+00:00,v3,3.39.1,33.70506506438745,maximum_sensitivity,13.224272236459838,2283.5813670376547,513.1825838546532,1.2037037037037035,0.0472131436443776,290.4196315204924,23.87032741375493,ecmwf_ifs,Tanager,Planet Labs Inc.,https://api.carbonmapper.org/api/v1/catalog/asset/l3a-vis-ch4-mfa-v3/2025/11/03/tan20251103t120232c40s4001-B/tan20251103t120232c40s4001-B_l3a-vis-ch4-mfa-v3_plume.tif,https://api.carbonmapper.org/api/v1/catalog/asset/l3a-vis-ch4-mfa-v3/2025/11/03/tan20251103t120232c40s4001-B/tan20251103t120232c40s4001-B_l3a-vis-ch4-mfa-v3_plume.png,https://api.carbonmapper.org/api/v1/catalog/asset/l3a-ime-ch4-mfa-v3/2025/11/03/tan20251103t120232c40s4001-B/tan20251103t120232c40s4001-B_l3a-ime-ch4-mfa-v3_ime-cmf-concentrations.tif,https://api.carbonmapper.org/api/v1/catalog/asset/l3a-vis-ch4-mfa-v3/2025/11/03/tan20251103t120232c40s4001-B/tan20251103t120232c40s4001-B_l3a-vis-ch4-mfa-v3_rgb.tif,https://api.carbonmapper.org/api/v1/catalog/asset/l3a-vis-ch4-mfa-v3/2025/11/03/tan20251103t120232c40s4001-B/tan20251103t120232c40s4001-B_l3a-vis-ch4-mfa-v3_rgb.png,,POINT (449900.22756044066 4463680.602340023),91,91,40.33884783338711,-3.615719018581074
tan20250915t115602c09s4001-A,40.32032360280297,-3.586738663743432,2025-09-15T11:56:02+00:00,Solid Waste (6A),CH4,mfa,"[-3.6333055535743477, 40.303868602105645, -3.56643210349998, 40.35484869068666]",tan,production,2025-10-15 12:19:10.248129+00:00,2025-10-15 12:19:10.246431+00:00,v3,3.30.3,34.26871842572477,maximum_sensitivity,11.211027376958558,945.31109521221,612.8972468331499,0.8796296296296297,0.5487234218529279,270.12058544016315,39.43104576350166,ecmwf_ifs,Tanager,Planet Labs Inc.,https://api.carbonmapper.org/api/v1/catalog/asset/l3a-vis-ch4-mfa-v3/2025/09/15/tan20250915t115602c09s4001-A/tan20250915t115602c09s4001-A_l3a-vis-ch4-mfa-v3_plume.tif,https://api.carbonmapper.org/api/v1/catalog/asset/l3a-vis-ch4-mfa-v3/2025/09/15/tan20250915t115602c09s4001-A/tan20250915t115602c09s4001-A_l3a-vis-ch4-mfa-v3_plume.png,https://api.carbonmapper.org/api/v1/catalog/asset/l3a-ime-ch4-mfa-v3/2025/09/15/tan20250915t115602c09s4001-A/tan20250915t115602c09s4001-A_l3a-ime-ch4-mfa-v3_ime-cmf-concentrations.tif,https://api.carbonmapper.org/api/v1/catalog/asset/l3a-vis-ch4-mfa-v3/2025/09/15/tan20250915t115602c09s4001-A/tan20250915t115602c09s4001-A_l3a-vis-ch4-mfa-v3_rgb.tif,https://api.carbonmapper.org/api/v1/catalog/asset/l3a-vis-ch4-mfa-v3/2025/09/15/tan20250915t115602c09s4001-A/tan20250915t115602c09s4001-A_l3a-vis-ch4-mfa-v3_rgb.png,,POINT (450150.83080947294 4463476.150954178),91,91,40.33884783338711,-3.615719018581074
tan20250728t114901c21s4001-B,40.321112314906486,-3.5890504888033434,2025-07-28T11:49:01+00:00,Solid Waste (6A),CH4,mfa,"[-3.620400717999722, 40.30268895448721, -3.5804247744209983, 40.333438922996606]",tan,production,2025-08-27 12:19:00.473620+00:00,2025-08-27 12:19:00.471880+00:00,v3,3.26.0,34.562459388993304,maximum_sensitivity,12.89297034687448,1479.144604099872,115.91894757358524,3.092592592592593,0.0346449758034625,31.998474706116653,3.5598846830310937,ecmwf_ifs,Tanager,Planet Labs Inc.,https://api.carbonmapper.org/api/v1/catalog/asset/l3a-vis-ch4-mfa-v3/2025/07/28/tan20250728t114901c21s4001-B/tan20250728t114901c21s4001-B_l3a-vis-ch4-mfa-v3_plume.tif,https://api.carbonmapper.org/api/v1/catalog/asset/l3a-vis-ch4-mfa-v3/2025/07/28/tan20250728t114901c21s4001-B/tan20250728t114901c21s4001-B_l3a-vis-ch4-mfa-v3_plume.png,https://api.carbonmapper.org/api/v1/catalog/asset/l3a-ime-ch4-mfa-v3/2025/07/28/tan20250728t114901c21s4001-B/tan20250728t114901c21s4001-B_l3a-ime-ch4-mfa-v3_ime-cmf-concentrations.tif,https://api.carbonmapper.org/api/v1/catalog/asset/l3a-vis-ch4-mfa-v3/2025/07/28/tan20250728t114901c21s4001-B/tan20250728t114901c21s4001-B_l3a-vis-ch4-mfa-v3_rgb.tif,https://api.carbonmapper.org/api/v1/catalog/asset/l3a-vis-ch4-mfa-v3/2025/07/28/tan20250728t114901c21s4001-B/tan20250728t114901c21s4001-B_l3a-vis-ch4-mfa-v3_rgb.png,,POINT (449955.00000000006 4463565),91,91,40.33884783338711,-3.615719018581074
tan20250728t114901c21s4001-F,40.32219157515433,-3.5894129856039787,2025-07-28T11:49:01+00:00,Solid Waste (6A),CH4,mfa,"[-3.620400717999722, 40.30268895448721, -3.5804247744209983, 40.333438922996606]",tan,production,2025-08-27 12:19:00.692916+00:00,2025-08-27 12:19:00.691250+00:00,v3,3.26.0,34.562459388993304,maximum_sensitivity,12.89297034687448,,,3.092592592592593,0.0346449758034625,31.998474706116653,3.5598846830310937,ecmwf_ifs,Tanager,Planet Labs Inc.,https://api.carbonmapper.org/api/v1/catalog/asset/l3a-vis-ch4-mfa-v3/2025/07/28/tan20250728t114901c21s4001-F/tan20250728t114901c21s4001-F_l3a-vis-ch4-mfa-v3_plume.tif,https://api.carbonmapper.org/api/v1/catalog/asset/l3a-vis-ch4-mfa-v3/2025/07/28/tan20250728t114901c21s4001-F/tan20250728t114901c21s4001-F_l3a-vis-ch4-mfa-v3_plume.png,https://api.carbonmapper.org/api/v1/catalog/asset/l3a-ime-ch4-mfa-v3/2025/07/28/tan20250728t114901c21s4001-F/tan20250728t114901c21s4001-F_l3a-ime-ch4-mfa-v3_ime-cmf-concentrations.tif,https://api.carbonmapper.org/api/v1/catalog/asset/l3a-vis-ch4-mfa-v3/2025/07/28/tan20250728t114901c21s4001-F/tan20250728t114901c21s4001-F_l3a-vis-ch4-mfa-v3_rgb.tif,https://api.carbonmapper.org/api/v1/catalog/asset/l3a-vis-ch4-mfa-v3/2025/07/28/tan20250728t114901c21s4001-F/tan20250728t114901c21s4001-F_l3a-vis-ch4-mfa-v3_rgb.png,,POINT (449925 4463685),91,91,40.33884783338711,-3.615719018581074
tan20250707t114620c21s4001-C,40.32109428115714,-3.592581435348964,2025-07-07T11:46:20+00:00,Solid Waste (6A),CH4,mfa,"[-3.6161562405824563, 40.301898837601364, -3.575826183166082, 40.332649428428546]",tan,production,2025-08-06 12:22:29.235906+00:00,2025-08-06 12:22:29.234541+00:00,v3,3.26.0,33.960930212341566,maximum_sensitivity,12.93848231173363,1174.0985784192144,515.1503402621736,1.398148148148148,0.5603190840891581,354.9521003781387,26.29245945903978,ecmwf_ifs,Tanager,Planet Labs Inc.,https://api.carbonmapper.org/api/v1/catalog/asset/l3a-vis-ch4-mfa-v3/2025/07/07/tan20250707t114620c21s4001-C/tan20250707t114620c21s4001-C_l3a-vis-ch4-mfa-v3_plume.tif,https://api.carbonmapper.org/api/v1/catalog/asset/l3a-vis-ch4-mfa-v3/2025/07/07/tan20250707t114620c21s4001-C/tan20250707t114620c21s4001-C_l3a-vis-ch4-mfa-v3_plume.png,https://api.carbonmapper.org/api/v1/catalog/asset/l3a-ime-ch4-mfa-v3/2025/07/07/tan20250707t114620c21s4001-C/tan20250707t114620c21s4001-C_l3a-ime-ch4-mfa-v3_ime-cmf-concentrations.tif,https://api.carbonmapper.org/api/v1/catalog/asset/l3a-vis-ch4-mfa-v3/2025/07/07/tan20250707t114620c21s4001-C/tan20250707t114620c21s4001-C_l3a-vis-ch4-mfa-v3_rgb.tif,https://api.carbonmapper.org/api/v1/catalog/asset/l3a-vis-ch4-mfa-v3/2025/07/07/tan20250707t114620c21s4001-C/tan20250707t114620c21s4001-C_l3a-vis-ch4-mfa-v3_rgb.png,,POINT (449655 4463565),91,91,40.33884783338711,-3.615719018581074
tan20250707t114620c21s4001-D,40.31786733883423,-3.5893753806467266,2025-07-07T11:46:20+00:00,Solid Waste (6A),CH4,mfa,"[-3.6154401328532213, 40.300821300746364, -3.575110709636896, 40.33157189874342]",tan,production,2025-08-06 12:22:29.328042+00:00,2025-08-06 12:22:29.326458+00:00,v3,3.26.0,33.960930212341566,maximum_sensitivity,12.93848231173363,,,1.398148148148148,0.5603190840891581,354.9521003781387,26.29245945903978,ecmwf_ifs,Tanager,Planet Labs Inc.,https://api.carbonmapper.org/api/v1/catalog/asset/l3a-vis-ch4-mfa-v3/2025/07/07/tan20250707t114620c21s4001-D/tan20250707t114620c21s4001-D_l3a-vis-ch4-mfa-v3_plume.tif,https://api.carbonmapper.org/api/v1/catalog/asset/l3a-vis-ch4-mfa-v3/2025/07/07/tan20250707t114620c21s4001-D/tan20250707t114620c21s4001-D_l3a-vis-ch4-mfa-v3_plume.png,https://api.carbonmapper.org/api/v1/catalog/asset/l3a-ime-ch4-mfa-v3/2025/07/07/tan20250707t114620c21s4001-D/tan20250707t114620c21s4001-D_l3a-ime-ch4-mfa-v3_ime-cmf-concentrations.tif,https://api.carbonmapper.org/api/v1/catalog/asset/l3a-vis-ch4-mfa-v3/2025/07/07/tan20250707t114620c21s4001-D/tan20250707t114620c21s4001-D_l3a-vis-ch4-mfa-v3_rgb.tif,https://api.carbonmapper.org/api/v1/catalog/asset/l3a-vis-ch4-mfa-v3/2025/07/07/tan20250707t114620c21s4001-D/tan20250707t114620c21s4001-D_l3a-vis-ch4-mfa-v3_rgb.png,,POINT (449925 4463205),91,91,40.33884783338711,-3.615719018581074
tan20250707t114620c21s4001-G,40.32273210446429,-3.589417686796195,2025-07-07T11:46:20+00:00,Solid Waste (6A),CH4,mfa,"[-3.6161562405824563, 40.301898837601364, -3.575826183166082, 40.332649428428546]",tan,production,2025-08-06 12:22:29.614316+00:00,2025-08-06 12:22:29.612798+00:00,v3,3.26.0,33.960930212341566,maximum_sensitivity,12.93848231173363,,,1.398148148148148,0.5603190840891581,354.9521003781387,26.29245945903978,ecmwf_ifs,Tanager,Planet Labs Inc.,https://api.carbonmapper.org/api/v1/catalog/asset/l3a-vis-ch4-mfa-v3/2025/07/07/tan20250707t114620c21s4001-G/tan20250707t114620c21s4001-G_l3a-vis-ch4-mfa-v3_plume.tif,https://api.carbonmapper.org/api/v1/catalog/asset/l3a-vis-ch4-mfa-v3/2025/07/07/tan20250707t114620c21s4001-G/tan20250707t114620c21s4001-G_l3a-vis-ch4-mfa-v3_plume.png,https://api.carbonmapper.org/api/v1/catalog/asset/l3a-ime-ch4-mfa-v3/2025/07/07/tan20250707t114620c21s4001-G/tan20250707t114620c21s4001-G_l3a-ime-ch4-mfa-v3_ime-cmf-concentrations.tif,https://api.carbonmapper.org/api/v1/catalog/asset/l3a-vis-ch4-mfa-v3/2025/07/07/tan20250707t114620c21s4001-G/tan20250707t114620c21s4001-G_l3a-vis-ch4-mfa-v3_rgb.tif,https://api.carbonmapper.org/api/v1/catalog/asset/l3a-vis-ch4-mfa-v3/2025/07/07/tan20250707t114620c21s4001-G/tan20250707t114620c21s4001-G_l3a-vis-ch4-mfa-v3_rgb.png,,POINT (449925 4463745),91,91,40.33884783338711,-3.615719018581074
tan20250707t114620c21s4001-H,40.32058255372613,-3.5869272382484176,2025-07-07T11:46:20+00:00,Solid Waste (6A),CH4,mfa,"[-3.6161562405824563, 40.301898837601364, -3.575826183166082, 40.332649428428546]",tan,production,2025-08-06 12:22:29.708103+00:00,2025-08-06 12:22:29.706503+00:00,v3,3.26.0,33.960930212341566,maximum_sensitivity,12.93848231173363,,,1.398148148148148,0.5603190840891581,354.9521003781387,26.29245945903978,ecmwf_ifs,Tanager,Planet Labs Inc.,https://api.carbonmapper.org/api/v1/catalog/asset/l3a-vis-ch4-mfa-v3/2025/07/07/tan20250707t114620c21s4001-H/tan20250707t114620c21s4001-H_l3a-vis-ch4-mfa-v3_plume.tif,https://api.carbonmapper.org/api/v1/catalog/asset/l3a-vis-ch4-mfa-v3/2025/07/07/tan20250707t114620c21s4001-H/tan20250707t114620c21s4001-H_l3a-vis-ch4-mfa-v3_plume.png,https://api.carbonmapper.org/api/v1/catalog/asset/l3a-ime-ch4-mfa-v3/2025/07/07/tan20250707t114620c21s4001-H/tan20250707t114620c21s4001-H_l3a-ime-ch4-mfa-v3_ime-cmf-concentrations.tif,https://api.carbonmapper.org/api/v1/catalog/asset/l3a-vis-ch4-mfa-v3/2025/07/07/tan20250707t114620c21s4001-H/tan20250707t114620c21s4001-H_l3a-vis-ch4-mfa-v3_rgb.tif,https://api.carbonmapper.org/api/v1/catalog/asset/l3a-vis-ch4-mfa-v3/2025/07/07/tan20250707t114620c21s4001-H/tan20250707t114620c21s4001-H_l3a-vis-ch4-mfa-v3_rgb.png,,POINT (450135 4463504.999999999),91,91,40.33884783338711,-3.615719018581074
tan20250623t114400c25s4001-B,40.32085639943547,-3.5862233915267505,2025-06-23T11:44:00+00:00,Solid Waste (6A),CH4,mfa,"[-3.604179997129555, 40.305472224930014, -3.5642023198954784, 40.33622225928099]",tan,production,2025-07-23 12:22:10.014732+00:00,2025-07-23 12:22:10.013508+00:00,v3,3.26.0,33.66539755573723,maximum_sensitivity,13.773338003279674,405.2416241547418,315.81665130555706,0.4722222222222222,0.3650074693412412,235.9441955561972,40.65985930098653,ecmwf_ifs,Tanager,Planet Labs Inc.,https://api.carbonmapper.org/api/v1/catalog/asset/l3a-vis-ch4-mfa-v3/2025/06/23/tan20250623t114400c25s4001-B/tan20250623t114400c25s4001-B_l3a-vis-ch4-mfa-v3_plume.tif,https://api.carbonmapper.org/api/v1/catalog/asset/l3a-vis-ch4-mfa-v3/2025/06/23/tan20250623t114400c25s4001-B/tan20250623t114400c25s4001-B_l3a-vis-ch4-mfa-v3_plume.png,https://api.carbonmapper.org/api/v1/catalog/asset/l3a-ime-ch4-mfa-v3/2025/06/23/tan20250623t114400c25s4001-B/tan20250623t114400c25s4001-B_l3a-ime-ch4-mfa-v3_ime-cmf-concentrations.tif,https://api.carbonmapper.org/api/v1/catalog/asset/l3a-vis-ch4-mfa-v3/2025/06/23/tan20250623t114400c25s4001-B/tan20250623t114400c25s4001-B_l3a-vis-ch4-mfa-v3_rgb.tif,https://api.carbonmapper.org/api/v1/catalog/asset/l3a-vis-ch4-mfa-v3/2025/06/23/tan20250623t114400c25s4001-B/tan20250623t114400c25s4001-B_l3a-vis-ch4-mfa-v3_rgb.png,,POINT (450195 4463535),91,91,40.33884783338711,-3.615719018581074
tan20250507t115042c00s4001-B,40.32058613454404,-3.586221053808097,2025-05-07T11:50:42+00:00,Solid Waste (6A),CH4,mfa,"[-3.6318215564330036, 40.30381142887969, -3.5752117511529167, 40.346700048536874]",tan,production,2025-06-06 12:20:41.556086+00:00,2025-06-06 12:20:41.553954+00:00,v3,3.16.0,37.02590410329495,maximum_sensitivity,26.783864735829248,1590.043427965547,622.7670837945478,1.4537037037037035,0.5444885343699688,339.08987146124787,39.29893913910923,ecmwf_ifs,Tanager,Planet Labs Inc.,https://api.carbonmapper.org/api/v1/catalog/asset/l3a-vis-ch4-mfa-v3/2025/05/07/tan20250507t115042c00s4001-B/tan20250507t115042c00s4001-B_l3a-vis-ch4-mfa-v3_plume.tif,https://api.carbonmapper.org/api/v1/catalog/asset/l3a-vis-ch4-mfa-v3/2025/05/07/tan20250507t115042c00s4001-B/tan20250507t115042c00s4001-B_l3a-vis-ch4-mfa-v3_plume.png,https://api.carbonmapper.org/api/v1/catalog/asset/l3a-ime-ch4-mfa-v3/2025/05/07/tan20250507t115042c00s4001-B/tan20250507t115042c00s4001-B_l3a-ime-ch4-mfa-v3_ime-cmf-concentrations.tif,https://api.carbonmapper.org/api/v1/catalog/asset/l3a-vis-ch4-mfa-v3/2025/05/07/tan20250507t115042c00s4001-B/tan20250507t115042c00s4001-B_l3a-vis-ch4-mfa-v3_rgb.tif,https://api.carbonmapper.org/api/v1/catalog/asset/l3a-vis-ch4-mfa-v3/2025/05/07/tan20250507t115042c00s4001-B/tan20250507t115042c00s4001-B_l3a-vis-ch4-mfa-v3_rgb.png,,POINT (450195 4463505.000000001),91,91,40.33884783338711,-3.615719018581074
tan20250203t113104c00s4001-A,40.32104850994713,-3.587135786827133,2025-02-03T11:31:04+00:00,Solid Waste (6A),CH4,mfa,"[-3.6189535110517275, 40.29569665889536, -3.574382069597642, 40.32968349864285]",tan,first_light,2025-03-05 12:19:12.134096+00:00,2025-03-25 22:33:37.094893+00:00,v3,3.17.0,39.07528517415311,standard_sensitivity,29.60380232204152,1396.9780777189465,222.12819893760627,2.564814814814815,0.2734226492635814,14.012255601362446,7.124928625209092,ecmwf_ifs,Tanager,Planet Labs Inc.,https://api.carbonmapper.org/api/v1/catalog/asset/l3a-vis-ch4-mfa-v3/2025/02/03/tan20250203t113104c00s4001-A/tan20250203t113104c00s4001-A_l3a-vis-ch4-mfa-v3_plume.tif,https://api.carbonmapper.org/api/v1/catalog/asset/l3a-vis-ch4-mfa-v3/2025/02/03/tan20250203t113104c00s4001-A/tan20250203t113104c00s4001-A_l3a-vis-ch4-mfa-v3_plume.png,https://api.carbonmapper.org/api/v1/catalog/asset/l3a-ime-ch4-mfa-v3/2025/02/03/tan20250203t113104c00s4001-A/tan20250203t113104c00s4001-A_l3a-ime-ch4-mfa-v3_ime-cmf-concentrations.tif,https://api.carbonmapper.org/api/v1/catalog/asset/l3a-vis-ch4-mfa-v3/2025/02/03/tan20250203t113104c00s4001-A/tan20250203t113104c00s4001-A_l3a-vis-ch4-mfa-v3_rgb.tif,https://api.carbonmapper.org/api/v1/catalog/asset/l3a-vis-ch4-mfa-v3/2025/02/03/tan20250203t113104c00s4001-A/tan20250203t113104c00s4001-A_l3a-vis-ch4-mfa-v3_rgb.png,,POINT (450117.6246864135 4463556.837373823),91,91,40.33884783338711,-3.615719018581074
tan20241019t112033c00s4001-B,40.32208532370282,-3.587047306130586,2024-10-19T11:20:33+00:00,Solid Waste (6A),CH4,mfa,"[-3.6007352801406842, 40.31548876496558, -3.5603979364804115, 40.345969044694776]",tan,first_light,2024-11-15 20:27:50.708754+00:00,2025-03-25 23:07:22.383974+00:00,v3,3.17.0,39.33998059088199,standard_sensitivity,5.45010221968106,1444.132464853012,615.8299745213034,1.6759259259259258,0.6835566231589536,233.14582162369183,29.93804717750253,ecmwf_ifs,Tanager,Planet Labs Inc.,https://api.carbonmapper.org/api/v1/catalog/asset/l3a-vis-ch4-mfa-v3/2024/10/19/tan20241019t112033c00s4001-B/tan20241019t112033c00s4001-B_l3a-vis-ch4-mfa-v3_plume.tif,https://api.carbonmapper.org/api/v1/catalog/asset/l3a-vis-ch4-mfa-v3/2024/10/19/tan20241019t112033c00s4001-B/tan20241019t112033c00s4001-B_l3a-vis-ch4-mfa-v3_plume.png,https://api.carbonmapper.org/api/v1/catalog/asset/l3a-ime-ch4-mfa-v3/2024/10/19/tan20241019t112033c00s4001-B/tan20241019t112033c00s4001-B_l3a-ime-ch4-mfa-v3_ime-cmf-concentrations.tif,https://api.carbonmapper.org/api/v1/catalog/asset/l3a-vis-ch4-mfa-v3/2024/10/19/tan20241019t112033c00s4001-B/tan20241019t112033c00s4001-B_l3a-vis-ch4-mfa-v3_rgb.tif,https://api.carbonmapper.org/api/v1/catalog/asset/l3a-vis-ch4-mfa-v3/2024/10/19/tan20241019t112033c00s4001-B/tan20241019t112033c00s4001-B_l3a-vis-ch4-mfa-v3_rgb.png,,POINT (450125.90496552206 4463671.871122548),91,91,40.33884783338711,-3.615719018581074
emi20231007t105036p07002-D,40.3209669849569,-3.589134211039636,2023-10-07T10:50:36+00:00,Solid Waste (6A),CH4,mfa,"[-3.6269763703212954, 40.29406980075169, -3.5571609449821984, 40.34729950446868]",emi,production,2025-05-30 12:59:59.097380+00:00,2025-05-30 12:59:59.158128+00:00,v3,3.6.3,,,,,,0.9537037037037038,0.1888525745775105,29.65892224927831,12.291869856129749,ecmwf_ifs,ISS,NASA-JPL EMIT,https://api.carbonmapper.org/api/v1/catalog/asset/l3a-vis-ch4-mfa-v3/2023/10/07/emi20231007t105036p07002-D/emi20231007t105036p07002-D_l3a-vis-ch4-mfa-v3_plume.tif,https://api.carbonmapper.org/api/v1/catalog/asset/l3a-vis-ch4-mfa-v3/2023/10/07/emi20231007t105036p07002-D/emi20231007t105036p07002-D_l3a-vis-ch4-mfa-v3_plume.png,https://api.carbonmapper.org/api/v1/catalog/asset/l3a-ime-ch4-mfa-v3/2023/10/07/emi20231007t105036p07002-D/emi20231007t105036p07002-D_l3a-ime-ch4-mfa-v3_ime-cmf-concentrations.tif,https://api.carbonmapper.org/api/v1/catalog/asset/l3a-vis-ch4-mfa-v3/2023/10/07/emi20231007t105036p07002-D/emi20231007t105036p07002-D_l3a-vis-ch4-mfa-v3_rgb.tif,https://api.carbonmapper.org/api/v1/catalog/asset/l3a-vis-ch4-mfa-v3/2023/10/07/emi20231007t105036p07002-D/emi20231007t105036p07002-D_l3a-vis-ch4-mfa-v3_rgb.png,,POINT (449947.7796899888 4463548.916083147),91,91,40.33884783338711,-3.615719018581074
tan20251229t121224c12s4001-B,40.26218924189905,-3.6311816228464697,2025-12-29T12:12:24+00:00,Solid Waste (6A),CH4,mfa,"[-3.6551572996887174, 40.23208080849463, -3.5971946527219094, 40.276047389839]",tan,production,2026-01-28 12:19:08.214058+00:00,2026-01-28 12:19:08.212526+00:00,v3b,3.46.0,34.3416307497411,maximum_sensitivity,13.804815928832245,370.1832857477415,186.31409190021893,0.6296296296296297,0.2628716586403405,84.63864136393494,45.03069731386877,ecmwf_ifs,Tanager,Planet Labs Inc.,https://api.carbonmapper.org/api/v1/catalog/asset/l3a-vis-ch4-mfa-v3b/2025/12/29/tan20251229t121224c12s4001-B/tan20251229t121224c12s4001-B_l3a-vis-ch4-mfa-v3b_plume.tif,https://api.carbonmapper.org/api/v1/catalog/asset/l3a-vis-ch4-mfa-v3b/2025/12/29/tan20251229t121224c12s4001-B/tan20251229t121224c12s4001-B_l3a-vis-ch4-mfa-v3b_plume.png,https://api.carbonmapper.org/api/v1/catalog/asset/l3a-ime-ch4-mfa-v3b/2025/12/29/tan20251229t121224c12s4001-B/tan20251229t121224c12s4001-B_l3a-ime-ch4-mfa-v3b_ime-cmf-concentrations.tif,https://api.carbonmapper.org/api/v1/catalog/asset/l3a-vis-ch4-mfa-v3b/2025/12/29/tan20251229t121224c12s4001-B/tan20251229t121224c12s4001-B_l3a-vis-ch4-mfa-v3b_rgb.tif,https://api.carbonmapper.org/api/v1/catalog/asset/l3a-vis-ch4-mfa-v3b/2025/12/29/tan20251229t121224c12s4001-B/tan20251229t121224c12s4001-B_l3a-vis-ch4-mfa-v3b_rgb.png,,POINT (446328.97349558014 4457049.383490027),90,90,40.275965763498746,-3.615719018581074
tan20251229t121224c12s4001-F,40.26980230537174,-3.6178803841577576,2025-12-29T12:12:24+00:00,Solid Waste (6A),CH4,mfa,"[-3.6593976821276364, 40.224023441885706, -3.589774449117036, 40.27689205217833]",tan,production,2026-01-28 12:19:08.443165+00:00,2026-01-28 12:19:08.441801+00:00,v3b,3.46.0,34.3416307497411,maximum_sensitivity,13.804815928832245,,,0.6296296296296297,0.2628716586403405,84.63864136393494,45.03069731386877,ecmwf_ifs,Tanager,Planet Labs Inc.,https://api.carbonmapper.org/api/v1/catalog/asset/l3a-vis-ch4-mfa-v3b/2025/12/29/tan20251229t121224c12s4001-F/tan20251229t121224c12s4001-F_l3a-vis-ch4-mfa-v3b_plume.tif,https://api.carbonmapper.org/api/v1/catalog/asset/l3a-vis-ch4-mfa-v3b/2025/12/29/tan20251229t121224c12s4001-F/tan20251229t121224c12s4001-F_l3a-vis-ch4-mfa-v3b_plume.png,https://api.carbonmapper.org/api/v1/catalog/asset/l3a-ime-ch4-mfa-v3b/2025/12/29/tan20251229t121224c12s4001-F/tan20251229t121224c12s4001-F_l3a-ime-ch4-mfa-v3b_ime-cmf-concentrations.tif,https://api.carbonmapper.org/api/v1/catalog/asset/l3a-vis-ch4-mfa-v3b/2025/12/29/tan20251229t121224c12s4001-F/tan20251229t121224c12s4001-F_l3a-vis-ch4-mfa-v3b_rgb.tif,https://api.carbonmapper.org/api/v1/catalog/asset/l3a-vis-ch4-mfa-v3b/2025/12/29/tan20251229t121224c12s4001-F/tan20251229t121224c12s4001-F_l3a-vis-ch4-mfa-v3b_rgb.png,,POINT (447465.9102011456 4457886.438108278),90,90,40.275965763498746,-3.615719018581074
tan20251229t121224c12s4001-G,40.26773189420052,-3.620779274862201,2025-12-29T12:12:24+00:00,Solid Waste (6A),CH4,mfa,"[-3.661870772564575, 40.22133130266558, -3.5883603455747326, 40.27743735233244]",tan,production,2026-01-28 12:19:08.568285+00:00,2026-01-28 12:19:08.566972+00:00,v3b,3.46.0,34.3416307497411,maximum_sensitivity,13.804815928832245,,,0.6296296296296297,0.2628716586403405,84.63864136393494,45.03069731386877,ecmwf_ifs,Tanager,Planet Labs Inc.,https://api.carbonmapper.org/api/v1/catalog/asset/l3a-vis-ch4-mfa-v3b/2025/12/29/tan20251229t121224c12s4001-G/tan20251229t121224c12s4001-G_l3a-vis-ch4-mfa-v3b_plume.tif,https://api.carbonmapper.org/api/v1/catalog/asset/l3a-vis-ch4-mfa-v3b/2025/12/29/tan20251229t121224c12s4001-G/tan20251229t121224c12s4001-G_l3a-vis-ch4-mfa-v3b_plume.png,https://api.carbonmapper.org/api/v1/catalog/asset/l3a-ime-ch4-mfa-v3b/2025/12/29/tan20251229t121224c12s4001-G/tan20251229t121224c12s4001-G_l3a-ime-ch4-mfa-v3b_ime-cmf-concentrations.tif,https://api.carbonmapper.org/api/v1/catalog/asset/l3a-vis-ch4-mfa-v3b/2025/12/29/tan20251229t121224c12s4001-G/tan20251229t121224c12s4001-G_l3a-vis-ch4-mfa-v3b_rgb.tif,https://api.carbonmapper.org/api/v1/catalog/asset/l3a-vis-ch4-mfa-v3b/2025/12/29/tan20251229t121224c12s4001-G/tan20251229t121224c12s4001-G_l3a-vis-ch4-mfa-v3b_rgb.png,,POINT (447217.8265341154 4457658.351962735),90,90,40.275965763498746,-3.615719018581074
tan20251229t121224c12s4001-H,40.257770919859325,-3.6325595372449584,2025-12-29T12:12:24+00:00,Solid Waste (6A),CH4,mfa,"[-3.6551547840332486, 40.23448720109219, -3.60107832012077, 40.275756988310164]",tan,production,2026-01-28 12:19:08.657022+00:00,2026-01-28 12:19:08.655682+00:00,v3b,3.46.0,34.3416307497411,maximum_sensitivity,13.804815928832245,,,0.6296296296296297,0.2628716586403405,84.63864136393494,45.03069731386877,ecmwf_ifs,Tanager,Planet Labs Inc.,https://api.carbonmapper.org/api/v1/catalog/asset/l3a-vis-ch4-mfa-v3b/2025/12/29/tan20251229t121224c12s4001-H/tan20251229t121224c12s4001-H_l3a-vis-ch4-mfa-v3b_plume.tif,https://api.carbonmapper.org/api/v1/catalog/asset/l3a-vis-ch4-mfa-v3b/2025/12/29/tan20251229t121224c12s4001-H/tan20251229t121224c12s4001-H_l3a-vis-ch4-mfa-v3b_plume.png,https://api.carbonmapper.org/api/v1/catalog/asset/l3a-ime-ch4-mfa-v3b/2025/12/29/tan20251229t121224c12s4001-H/tan20251229t121224c12s4001-H_l3a-ime-ch4-mfa-v3b_ime-cmf-concentrations.tif,https://api.carbonmapper.org/api/v1/catalog/asset/l3a-vis-ch4-mfa-v3b/2025/12/29/tan20251229t121224c12s4001-H/tan20251229t121224c12s4001-H_l3a-vis-ch4-mfa-v3b_rgb.tif,https://api.carbonmapper.org/api/v1/catalog/asset/l3a-vis-ch4-mfa-v3b/2025/12/29/tan20251229t121224c12s4001-H/tan20251229t121224c12s4001-H_l3a-vis-ch4-mfa-v3b_rgb.png,,POINT (446208.30583967065 4456559.801025892),90,90,40.275965763498746,-3.615719018581074
tan20251103t120232c40s4001-A,40.26482668953767,-3.627973422943739,2025-11-03T12:02:32+00:00,Solid Waste (6A),CH4,mfa,"[-3.651680302941364, 40.24339608472061, -3.6021933598388727, 40.28115927226722]",tan,production,2025-12-03 12:19:10.683540+00:00,2025-12-19 21:46:31.005740+00:00,v3,3.39.1,33.70506506438745,maximum_sensitivity,13.224272236459838,,,0.5370370370370371,0.1141558148697958,280.13148829598833,56.04545869583605,ecmwf_ifs,Tanager,Planet Labs Inc.,https://api.carbonmapper.org/api/v1/catalog/asset/l3a-vis-ch4-mfa-v3/2025/11/03/tan20251103t120232c40s4001-A/tan20251103t120232c40s4001-A_l3a-vis-ch4-mfa-v3_plume.tif,https://api.carbonmapper.org/api/v1/catalog/asset/l3a-vis-ch4-mfa-v3/2025/11/03/tan20251103t120232c40s4001-A/tan20251103t120232c40s4001-A_l3a-vis-ch4-mfa-v3_plume.png,https://api.carbonmapper.org/api/v1/catalog/asset/l3a-ime-ch4-mfa-v3/2025/11/03/tan20251103t120232c40s4001-A/tan20251103t120232c40s4001-A_l3a-ime-ch4-mfa-v3_ime-cmf-concentrations.tif,https://api.carbonmapper.org/api/v1/catalog/asset/l3a-vis-ch4-mfa-v3/2025/11/03/tan20251103t120232c40s4001-A/tan20251103t120232c40s4001-A_l3a-vis-ch4-mfa-v3_rgb.tif,https://api.carbonmapper.org/api/v1/catalog/asset/l3a-vis-ch4-mfa-v3/2025/11/03/tan20251103t120232c40s4001-A/tan20251103t120232c40s4001-A_l3a-vis-ch4-mfa-v3_rgb.png,,POINT (446603.8507575886 4457340.193276628),90,90,40.275965763498746,-3.615719018581074
tan20251103t120232c40s4001-D,40.26400381757395,-3.632336674523288,2025-11-03T12:02:32+00:00,Solid Waste (6A),CH4,mfa,"[-3.651680302941364, 40.24339608472061, -3.6021933598388727, 40.28115927226722]",tan,production,2025-12-03 12:19:10.541126+00:00,2025-12-19 21:46:50.935676+00:00,v3b,3.43.2,33.70506506438745,maximum_sensitivity,13.224272236459838,980.3464888224628,236.35971117699864,0.5370370370370371,0.1141558148697958,280.13148829598833,56.04545869583605,ecmwf_ifs,Tanager,Planet Labs Inc.,https://api.carbonmapper.org/api/v1/catalog/asset/l3a-vis-ch4-mfa-v3b/2025/11/03/tan20251103t120232c40s4001-D/tan20251103t120232c40s4001-D_l3a-vis-ch4-mfa-v3b_plume.tif,https://api.carbonmapper.org/api/v1/catalog/asset/l3a-vis-ch4-mfa-v3b/2025/11/03/tan20251103t120232c40s4001-D/tan20251103t120232c40s4001-D_l3a-vis-ch4-mfa-v3b_plume.png,https://api.carbonmapper.org/api/v1/catalog/asset/l3a-ime-ch4-mfa-v3b/2025/11/03/tan20251103t120232c40s4001-D/tan20251103t120232c40s4001-D_l3a-ime-ch4-mfa-v3b_ime-cmf-concentrations.tif,https://api.carbonmapper.org/api/v1/catalog/asset/l3a-vis-ch4-mfa-v3b/2025/11/03/tan20251103t120232c40s4001-D/tan20251103t120232c40s4001-D_l3a-vis-ch4-mfa-v3b_rgb.tif,https://api.carbonmapper.org/api/v1/catalog/asset/l3a-vis-ch4-mfa-v3b/2025/11/03/tan20251103t120232c40s4001-D/tan20251103t120232c40s4001-D_l3a-vis-ch4-mfa-v3b_rgb.png,,POINT (446232.19244325196 4457251.49480732),90,90,40.275965763498746,-3.615719018581074
tan20250915t115602c09s4001-B,40.26587139079976,-3.626870972662658,2025-09-15T11:56:02+00:00,Solid Waste (6A),CH4,mfa,"[-3.6991678552165044, 40.23046040084228, -3.605138221868763, 40.30220953467223]",tan,production,2025-10-15 12:19:10.140642+00:00,2025-10-15 12:19:10.139081+00:00,v3,3.30.3,34.26871842572477,maximum_sensitivity,11.211027376958558,317.5795745352904,98.66537194064124,0.7592592592592592,0.1249142366965929,109.25562215140488,77.9504821325111,ecmwf_ifs,Tanager,Planet Labs Inc.,https://api.carbonmapper.org/api/v1/catalog/asset/l3a-vis-ch4-mfa-v3/2025/09/15/tan20250915t115602c09s4001-B/tan20250915t115602c09s4001-B_l3a-vis-ch4-mfa-v3_plume.tif,https://api.carbonmapper.org/api/v1/catalog/asset/l3a-vis-ch4-mfa-v3/2025/09/15/tan20250915t115602c09s4001-B/tan20250915t115602c09s4001-B_l3a-vis-ch4-mfa-v3_plume.png,https://api.carbonmapper.org/api/v1/catalog/asset/l3a-ime-ch4-mfa-v3/2025/09/15/tan20250915t115602c09s4001-B/tan20250915t115602c09s4001-B_l3a-ime-ch4-mfa-v3_ime-cmf-concentrations.tif,https://api.carbonmapper.org/api/v1/catalog/asset/l3a-vis-ch4-mfa-v3/2025/09/15/tan20250915t115602c09s4001-B/tan20250915t115602c09s4001-B_l3a-vis-ch4-mfa-v3_rgb.tif,https://api.carbonmapper.org/api/v1/catalog/asset/l3a-vis-ch4-mfa-v3/2025/09/15/tan20250915t115602c09s4001-B/tan20250915t115602c09s4001-B_l3a-vis-ch4-mfa-v3_rgb.png,,POINT (446698.4119983987 4457455.487896035),90,90,40.275965763498746,-3.615719018581074
tan20250915t115602c09s4001-C,40.26240961953684,-3.6331774879782017,2025-09-15T11:56:02+00:00,Solid Waste (6A),CH4,mfa,"[-3.6991678552165044, 40.23046040084228, -3.605138221868763, 40.30220953467223]",tan,production,2025-10-15 12:19:10.353875+00:00,2025-10-15 12:19:10.352218+00:00,v3,3.30.3,34.26871842572477,maximum_sensitivity,11.211027376958558,479.099810422535,108.85215231351572,0.7592592592592592,0.1249142366965929,109.25562215140488,77.9504821325111,ecmwf_ifs,Tanager,Planet Labs Inc.,https://api.carbonmapper.org/api/v1/catalog/asset/l3a-vis-ch4-mfa-v3/2025/09/15/tan20250915t115602c09s4001-C/tan20250915t115602c09s4001-C_l3a-vis-ch4-mfa-v3_plume.tif,https://api.carbonmapper.org/api/v1/catalog/asset/l3a-vis-ch4-mfa-v3/2025/09/15/tan20250915t115602c09s4001-C/tan20250915t115602c09s4001-C_l3a-vis-ch4-mfa-v3_plume.png,https://api.carbonmapper.org/api/v1/catalog/asset/l3a-ime-ch4-mfa-v3/2025/09/15/tan20250915t115602c09s4001-C/tan20250915t115602c09s4001-C_l3a-ime-ch4-mfa-v3_ime-cmf-concentrations.tif,https://api.carbonmapper.org/api/v1/catalog/asset/l3a-vis-ch4-mfa-v3/2025/09/15/tan20250915t115602c09s4001-C/tan20250915t115602c09s4001-C_l3a-vis-ch4-mfa-v3_rgb.tif,https://api.carbonmapper.org/api/v1/catalog/asset/l3a-vis-ch4-mfa-v3/2025/09/15/tan20250915t115602c09s4001-C/tan20250915t115602c09s4001-C_l3a-vis-ch4-mfa-v3_rgb.png,,POINT (446159.43341707153 4457075.054877155),90,90,40.275965763498746,-3.615719018581074
tan20250915t115602c09s4001-D,40.26815927672038,-3.623098572095728,2025-09-15T11:56:02+00:00,Solid Waste (6A),CH4,mfa,"[-3.6991678552165044, 40.23046040084228, -3.605138221868763, 40.30220953467223]",tan,production,2025-10-15 12:19:09.974710+00:00,2025-10-15 12:19:09.972592+00:00,v3,3.30.3,34.26871842572477,maximum_sensitivity,11.211027376958558,258.2099253601498,68.4514861375035,0.7592592592592592,0.1249142366965929,109.25562215140488,77.9504821325111,ecmwf_ifs,Tanager,Planet Labs Inc.,https://api.carbonmapper.org/api/v1/catalog/asset/l3a-vis-ch4-mfa-v3/2025/09/15/tan20250915t115602c09s4001-D/tan20250915t115602c09s4001-D_l3a-vis-ch4-mfa-v3_plume.tif,https://api.carbonmapper.org/api/v1/catalog/asset/l3a-vis-ch4-mfa-v3/2025/09/15/tan20250915t115602c09s4001-D/tan20250915t115602c09s4001-D_l3a-vis-ch4-mfa-v3_plume.png,https://api.carbonmapper.org/api/v1/catalog/asset/l3a-ime-ch4-mfa-v3/2025/09/15/tan20250915t115602c09s4001-D/tan20250915t115602c09s4001-D_l3a-ime-ch4-mfa-v3_ime-cmf-concentrations.tif,https://api.carbonmapper.org/api/v1/catalog/asset/l3a-vis-ch4-mfa-v3/2025/09/15/tan20250915t115602c09s4001-D/tan20250915t115602c09s4001-D_l3a-vis-ch4-mfa-v3_rgb.tif,https://api.carbonmapper.org/api/v1/catalog/asset/l3a-vis-ch4-mfa-v3/2025/09/15/tan20250915t115602c09s4001-D/tan20250915t115602c09s4001-D_l3a-vis-ch4-mfa-v3_rgb.png,,POINT (447020.9589082423 4457707.173561112),90,90,40.275965763498746,-3.615719018581074
tan20250728t114901c21s4001-A,40.26250407253199,-3.6322896929274497,2025-07-28T11:49:01+00:00,Solid Waste (6A),CH4,mfa,"[-3.675620385503356, 40.22098569996917, -3.6031727065337122, 40.27628123212897]",tan,production,2025-08-27 12:19:00.072602+00:00,2025-08-27 12:19:00.070831+00:00,v3,3.26.0,34.562459388993304,maximum_sensitivity,12.89297034687448,1321.5386015057902,234.5181895077736,2.8703703703703702,0.1249142366965928,36.999695220113786,2.1604388616365844,ecmwf_ifs,Tanager,Planet Labs Inc.,https://api.carbonmapper.org/api/v1/catalog/asset/l3a-vis-ch4-mfa-v3/2025/07/28/tan20250728t114901c21s4001-A/tan20250728t114901c21s4001-A_l3a-vis-ch4-mfa-v3_plume.tif,https://api.carbonmapper.org/api/v1/catalog/asset/l3a-vis-ch4-mfa-v3/2025/07/28/tan20250728t114901c21s4001-A/tan20250728t114901c21s4001-A_l3a-vis-ch4-mfa-v3_plume.png,https://api.carbonmapper.org/api/v1/catalog/asset/l3a-ime-ch4-mfa-v3/2025/07/28/tan20250728t114901c21s4001-A/tan20250728t114901c21s4001-A_l3a-ime-ch4-mfa-v3_ime-cmf-concentrations.tif,https://api.carbonmapper.org/api/v1/catalog/asset/l3a-vis-ch4-mfa-v3/2025/07/28/tan20250728t114901c21s4001-A/tan20250728t114901c21s4001-A_l3a-vis-ch4-mfa-v3_rgb.tif,https://api.carbonmapper.org/api/v1/catalog/asset/l3a-vis-ch4-mfa-v3/2025/07/28/tan20250728t114901c21s4001-A/tan20250728t114901c21s4001-A_l3a-vis-ch4-mfa-v3_rgb.png,,POINT (446235 4457085),90,90,40.275965763498746,-3.615719018581074
tan20250728t114901c21s4001-D,40.26443426990743,-3.6252513625062623,2025-07-28T11:49:01+00:00,Solid Waste (6A),CH4,mfa,"[-3.675620385503356, 40.22098569996917, -3.6031727065337122, 40.27628123212897]",tan,production,2025-08-27 12:19:01.117723+00:00,2025-08-27 12:19:01.115961+00:00,v3,3.26.0,34.562459388993304,maximum_sensitivity,12.89297034687448,,,2.8703703703703702,0.1249142366965928,36.999695220113786,2.1604388616365844,ecmwf_ifs,Tanager,Planet Labs Inc.,https://api.carbonmapper.org/api/v1/catalog/asset/l3a-vis-ch4-mfa-v3/2025/07/28/tan20250728t114901c21s4001-D/tan20250728t114901c21s4001-D_l3a-vis-ch4-mfa-v3_plume.tif,https://api.carbonmapper.org/api/v1/catalog/asset/l3a-vis-ch4-mfa-v3/2025/07/28/tan20250728t114901c21s4001-D/tan20250728t114901c21s4001-D_l3a-vis-ch4-mfa-v3_plume.png,https://api.carbonmapper.org/api/v1/catalog/asset/l3a-ime-ch4-mfa-v3/2025/07/28/tan20250728t114901c21s4001-D/tan20250728t114901c21s4001-D_l3a-ime-ch4-mfa-v3_ime-cmf-concentrations.tif,https://api.carbonmapper.org/api/v1/catalog/asset/l3a-vis-ch4-mfa-v3/2025/07/28/tan20250728t114901c21s4001-D/tan20250728t114901c21s4001-D_l3a-vis-ch4-mfa-v3_rgb.tif,https://api.carbonmapper.org/api/v1/catalog/asset/l3a-vis-ch4-mfa-v3/2025/07/28/tan20250728t114901c21s4001-D/tan20250728t114901c21s4001-D_l3a-vis-ch4-mfa-v3_rgb.png,,POINT (446835 4457294.999999999),90,90,40.275965763498746,-3.615719018581074
tan20250728t114901c21s4001-E,40.25870102928268,-3.635782141531703,2025-07-28T11:49:01+00:00,Solid Waste (6A),CH4,mfa,"[-3.67456252053986, 40.221256157504456, -3.6024665388802086, 40.27628314679426]",tan,production,2025-08-27 12:19:00.906776+00:00,2025-08-27 12:19:00.905087+00:00,v3,3.26.0,34.562459388993304,maximum_sensitivity,12.89297034687448,,,2.8703703703703702,0.1249142366965928,36.999695220113786,2.1604388616365844,ecmwf_ifs,Tanager,Planet Labs Inc.,https://api.carbonmapper.org/api/v1/catalog/asset/l3a-vis-ch4-mfa-v3/2025/07/28/tan20250728t114901c21s4001-E/tan20250728t114901c21s4001-E_l3a-vis-ch4-mfa-v3_plume.tif,https://api.carbonmapper.org/api/v1/catalog/asset/l3a-vis-ch4-mfa-v3/2025/07/28/tan20250728t114901c21s4001-E/tan20250728t114901c21s4001-E_l3a-vis-ch4-mfa-v3_plume.png,https://api.carbonmapper.org/api/v1/catalog/asset/l3a-ime-ch4-mfa-v3/2025/07/28/tan20250728t114901c21s4001-E/tan20250728t114901c21s4001-E_l3a-ime-ch4-mfa-v3_ime-cmf-concentrations.tif,https://api.carbonmapper.org/api/v1/catalog/asset/l3a-vis-ch4-mfa-v3/2025/07/28/tan20250728t114901c21s4001-E/tan20250728t114901c21s4001-E_l3a-vis-ch4-mfa-v3_rgb.tif,https://api.carbonmapper.org/api/v1/catalog/asset/l3a-vis-ch4-mfa-v3/2025/07/28/tan20250728t114901c21s4001-E/tan20250728t114901c21s4001-E_l3a-vis-ch4-mfa-v3_rgb.png,,POINT (445934.99999999994 4456665),90,90,40.275965763498746,-3.615719018581074
tan20250707t114620c21s4001-A,40.264965256046125,-3.627020340908916,2025-07-07T11:46:20+00:00,Solid Waste (6A),CH4,mfa,"[-3.6717317593659544, 40.22126620978153, -3.6003437538842062, 40.27548341953063]",tan,production,2025-08-06 12:22:28.876456+00:00,2025-08-06 12:22:28.874916+00:00,v3,3.26.0,33.960930212341566,maximum_sensitivity,12.93848231173363,891.6791141916204,287.79276912213254,1.2962962962962965,0.3471913566528273,354.7979084493305,50.08465104258987,ecmwf_ifs,Tanager,Planet Labs Inc.,https://api.carbonmapper.org/api/v1/catalog/asset/l3a-vis-ch4-mfa-v3/2025/07/07/tan20250707t114620c21s4001-A/tan20250707t114620c21s4001-A_l3a-vis-ch4-mfa-v3_plume.tif,https://api.carbonmapper.org/api/v1/catalog/asset/l3a-vis-ch4-mfa-v3/2025/07/07/tan20250707t114620c21s4001-A/tan20250707t114620c21s4001-A_l3a-vis-ch4-mfa-v3_plume.png,https://api.carbonmapper.org/api/v1/catalog/asset/l3a-ime-ch4-mfa-v3/2025/07/07/tan20250707t114620c21s4001-A/tan20250707t114620c21s4001-A_l3a-ime-ch4-mfa-v3_ime-cmf-concentrations.tif,https://api.carbonmapper.org/api/v1/catalog/asset/l3a-vis-ch4-mfa-v3/2025/07/07/tan20250707t114620c21s4001-A/tan20250707t114620c21s4001-A_l3a-vis-ch4-mfa-v3_rgb.tif,https://api.carbonmapper.org/api/v1/catalog/asset/l3a-vis-ch4-mfa-v3/2025/07/07/tan20250707t114620c21s4001-A/tan20250707t114620c21s4001-A_l3a-vis-ch4-mfa-v3_rgb.png,,POINT (446685 4457354.999999999),90,90,40.275965763498746,-3.615719018581074
tan20250707t114620c21s4001-B,40.26059676047014,-3.635094297044804,2025-07-07T11:46:20+00:00,Solid Waste (6A),CH4,mfa,"[-3.671026122251264, 40.22099958070697, -3.599637466970525, 40.27548712955565]",tan,production,2025-08-06 12:22:29.148133+00:00,2025-08-06 12:22:29.146483+00:00,v3,3.26.0,33.960930212341566,maximum_sensitivity,12.93848231173363,637.8803982184484,200.8564400906148,1.2962962962962965,0.3471913566528273,354.7979084493305,50.08465104258987,ecmwf_ifs,Tanager,Planet Labs Inc.,https://api.carbonmapper.org/api/v1/catalog/asset/l3a-vis-ch4-mfa-v3/2025/07/07/tan20250707t114620c21s4001-B/tan20250707t114620c21s4001-B_l3a-vis-ch4-mfa-v3_plume.tif,https://api.carbonmapper.org/api/v1/catalog/asset/l3a-vis-ch4-mfa-v3/2025/07/07/tan20250707t114620c21s4001-B/tan20250707t114620c21s4001-B_l3a-vis-ch4-mfa-v3_plume.png,https://api.carbonmapper.org/api/v1/catalog/asset/l3a-ime-ch4-mfa-v3/2025/07/07/tan20250707t114620c21s4001-B/tan20250707t114620c21s4001-B_l3a-ime-ch4-mfa-v3_ime-cmf-concentrations.tif,https://api.carbonmapper.org/api/v1/catalog/asset/l3a-vis-ch4-mfa-v3/2025/07/07/tan20250707t114620c21s4001-B/tan20250707t114620c21s4001-B_l3a-vis-ch4-mfa-v3_rgb.tif,https://api.carbonmapper.org/api/v1/catalog/asset/l3a-vis-ch4-mfa-v3/2025/07/07/tan20250707t114620c21s4001-B/tan20250707t114620c21s4001-B_l3a-vis-ch4-mfa-v3_rgb.png,,POINT (445994.99999999994 4456874.999999999),90,90,40.275965763498746,-3.615719018581074
tan20250707t114620c21s4001-F,40.26763718244455,-3.632690321328252,2025-07-07T11:46:20+00:00,Solid Waste (6A),CH4,mfa,"[-3.6717317593659544, 40.22126620978153, -3.6003437538842062, 40.27548341953063]",tan,production,2025-08-06 12:22:29.517643+00:00,2025-08-06 12:22:29.516111+00:00,v3,3.26.0,33.960930212341566,maximum_sensitivity,12.93848231173363,272.4087381362915,122.19185015543484,1.2962962962962965,0.3471913566528273,354.7979084493305,50.08465104258987,ecmwf_ifs,Tanager,Planet Labs Inc.,https://api.carbonmapper.org/api/v1/catalog/asset/l3a-vis-ch4-mfa-v3/2025/07/07/tan20250707t114620c21s4001-F/tan20250707t114620c21s4001-F_l3a-vis-ch4-mfa-v3_plume.tif,https://api.carbonmapper.org/api/v1/catalog/asset/l3a-vis-ch4-mfa-v3/2025/07/07/tan20250707t114620c21s4001-F/tan20250707t114620c21s4001-F_l3a-vis-ch4-mfa-v3_plume.png,https://api.carbonmapper.org/api/v1/catalog/asset/l3a-ime-ch4-mfa-v3/2025/07/07/tan20250707t114620c21s4001-F/tan20250707t114620c21s4001-F_l3a-ime-ch4-mfa-v3_ime-cmf-concentrations.tif,https://api.carbonmapper.org/api/v1/catalog/asset/l3a-vis-ch4-mfa-v3/2025/07/07/tan20250707t114620c21s4001-F/tan20250707t114620c21s4001-F_l3a-vis-ch4-mfa-v3_rgb.tif,https://api.carbonmapper.org/api/v1/catalog/asset/l3a-vis-ch4-mfa-v3/2025/07/07/tan20250707t114620c21s4001-F/tan20250707t114620c21s4001-F_l3a-vis-ch4-mfa-v3_rgb.png,,POINT (446205 4457655),90,90,40.275965763498746,-3.615719018581074
tan20250707t114620c21s4001-I,40.264098570015946,-3.637243924664024,2025-07-07T11:46:20+00:00,Solid Waste (6A),CH4,mfa,"[-3.6717317940985064, 40.22099590095373, -3.6003431508015904, 40.275483443620665]",tan,production,2025-08-06 12:22:29.045386+00:00,2025-08-06 12:22:29.043909+00:00,v3,3.26.0,33.960930212341566,maximum_sensitivity,12.93848231173363,,,1.2962962962962965,0.3471913566528273,354.7979084493305,50.08465104258987,ecmwf_ifs,Tanager,Planet Labs Inc.,https://api.carbonmapper.org/api/v1/catalog/asset/l3a-vis-ch4-mfa-v3/2025/07/07/tan20250707t114620c21s4001-I/tan20250707t114620c21s4001-I_l3a-vis-ch4-mfa-v3_plume.tif,https://api.carbonmapper.org/api/v1/catalog/asset/l3a-vis-ch4-mfa-v3/2025/07/07/tan20250707t114620c21s4001-I/tan20250707t114620c21s4001-I_l3a-vis-ch4-mfa-v3_plume.png,https://api.carbonmapper.org/api/v1/catalog/asset/l3a-ime-ch4-mfa-v3/2025/07/07/tan20250707t114620c21s4001-I/tan20250707t114620c21s4001-I_l3a-ime-ch4-mfa-v3_ime-cmf-concentrations.tif,https://api.carbonmapper.org/api/v1/catalog/asset/l3a-vis-ch4-mfa-v3/2025/07/07/tan20250707t114620c21s4001-I/tan20250707t114620c21s4001-I_l3a-vis-ch4-mfa-v3_rgb.tif,https://api.carbonmapper.org/api/v1/catalog/asset/l3a-vis-ch4-mfa-v3/2025/07/07/tan20250707t114620c21s4001-I/tan20250707t114620c21s4001-I_l3a-vis-ch4-mfa-v3_rgb.png,,POINT (445815 4457265),90,90,40.275965763498746,-3.615719018581074
tan20250623t114400c25s4001-A,40.26088248048195,-3.632274596113225,2025-06-23T11:44:00+00:00,Solid Waste (6A),CH4,mfa,"[-3.6498921475048585, 40.24767015281407, -3.609595184307009, 40.278420173771266]",tan,production,2025-07-23 12:22:09.853024+00:00,2025-07-23 12:22:09.843452+00:00,v3,3.26.0,33.66539755573723,maximum_sensitivity,13.773338003279674,,,1.0462962962962965,0.6432353493688299,304.6480158943862,18.91411871252732,ecmwf_ifs,Tanager,Planet Labs Inc.,https://api.carbonmapper.org/api/v1/catalog/asset/l3a-vis-ch4-mfa-v3/2025/06/23/tan20250623t114400c25s4001-A/tan20250623t114400c25s4001-A_l3a-vis-ch4-mfa-v3_plume.tif,https://api.carbonmapper.org/api/v1/catalog/asset/l3a-vis-ch4-mfa-v3/2025/06/23/tan20250623t114400c25s4001-A/tan20250623t114400c25s4001-A_l3a-vis-ch4-mfa-v3_plume.png,https://api.carbonmapper.org/api/v1/catalog/asset/l3a-ime-ch4-mfa-v3/2025/06/23/tan20250623t114400c25s4001-A/tan20250623t114400c25s4001-A_l3a-ime-ch4-mfa-v3_ime-cmf-concentrations.tif,https://api.carbonmapper.org/api/v1/catalog/asset/l3a-vis-ch4-mfa-v3/2025/06/23/tan20250623t114400c25s4001-A/tan20250623t114400c25s4001-A_l3a-vis-ch4-mfa-v3_rgb.tif,https://api.carbonmapper.org/api/v1/catalog/asset/l3a-vis-ch4-mfa-v3/2025/06/23/tan20250623t114400c25s4001-A/tan20250623t114400c25s4001-A_l3a-vis-ch4-mfa-v3_rgb.png,,POINT (446235 4456905),90,90,40.275965763498746,-3.615719018581074
tan20250507t115042c00s4001-A,40.26197700888108,-3.629815169776029,2025-05-07T11:50:42+00:00,Solid Waste (6A),CH4,mfa,"[-3.6693184384637325, 40.24061975631138, -3.617005785527126, 40.28080988031259]",tan,production,2025-06-06 12:20:41.406839+00:00,2025-06-06 12:20:41.404359+00:00,v3,3.16.0,37.02590410329495,maximum_sensitivity,26.783864735829248,1266.2912637216073,723.0098643451691,1.4444444444444444,0.8021960598996473,53.70817796281768,73.59125865472146,ecmwf_ifs,Tanager,Planet Labs Inc.,https://api.carbonmapper.org/api/v1/catalog/asset/l3a-vis-ch4-mfa-v3/2025/05/07/tan20250507t115042c00s4001-A/tan20250507t115042c00s4001-A_l3a-vis-ch4-mfa-v3_plume.tif,https://api.carbonmapper.org/api/v1/catalog/asset/l3a-vis-ch4-mfa-v3/2025/05/07/tan20250507t115042c00s4001-A/tan20250507t115042c00s4001-A_l3a-vis-ch4-mfa-v3_plume.png,https://api.carbonmapper.org/api/v1/catalog/asset/l3a-ime-ch4-mfa-v3/2025/05/07/tan20250507t115042c00s4001-A/tan20250507t115042c00s4001-A_l3a-ime-ch4-mfa-v3_ime-cmf-concentrations.tif,https://api.carbonmapper.org/api/v1/catalog/asset/l3a-vis-ch4-mfa-v3/2025/05/07/tan20250507t115042c00s4001-A/tan20250507t115042c00s4001-A_l3a-vis-ch4-mfa-v3_rgb.tif,https://api.carbonmapper.org/api/v1/catalog/asset/l3a-vis-ch4-mfa-v3/2025/05/07/tan20250507t115042c00s4001-A/tan20250507t115042c00s4001-A_l3a-vis-ch4-mfa-v3_rgb.png,,POINT (446445 4457025.000000001),90,90,40.275965763498746,-3.615719018581074
tan20250203t113104c00s4001-B,40.26372184700071,-3.630632711667004,2025-02-03T11:31:04+00:00,Solid Waste (6A),CH4,mfa,"[-3.6530497190599003, 40.24575901363161, -3.613106599535881, 40.27650962481156]",tan,first_light,2025-03-05 12:19:12.235262+00:00,2025-03-25 22:33:37.551294+00:00,v3,3.17.0,39.07528517415311,standard_sensitivity,29.60380232204152,1684.9490545855626,313.39407810801947,2.601851851851852,0.3412134402349682,28.334990864019183,3.85970667682386,ecmwf_ifs,Tanager,Planet Labs Inc.,https://api.carbonmapper.org/api/v1/catalog/asset/l3a-vis-ch4-mfa-v3/2025/02/03/tan20250203t113104c00s4001-B/tan20250203t113104c00s4001-B_l3a-vis-ch4-mfa-v3_plume.tif,https://api.carbonmapper.org/api/v1/catalog/asset/l3a-vis-ch4-mfa-v3/2025/02/03/tan20250203t113104c00s4001-B/tan20250203t113104c00s4001-B_l3a-vis-ch4-mfa-v3_plume.png,https://api.carbonmapper.org/api/v1/catalog/asset/l3a-ime-ch4-mfa-v3/2025/02/03/tan20250203t113104c00s4001-B/tan20250203t113104c00s4001-B_l3a-ime-ch4-mfa-v3_ime-cmf-concentrations.tif,https://api.carbonmapper.org/api/v1/catalog/asset/l3a-vis-ch4-mfa-v3/2025/02/03/tan20250203t113104c00s4001-B/tan20250203t113104c00s4001-B_l3a-vis-ch4-mfa-v3_rgb.tif,https://api.carbonmapper.org/api/v1/catalog/asset/l3a-vis-ch4-mfa-v3/2025/02/03/tan20250203t113104c00s4001-B/tan20250203t113104c00s4001-B_l3a-vis-ch4-mfa-v3_rgb.png,,POINT (446376.85932466947 4457219.164950934),90,90,40.275965763498746,-3.615719018581074
tan20250203t113104c00s4001-C,40.25849869668295,-3.634612894948277,2025-02-03T11:31:04+00:00,Solid Waste (6A),CH4,mfa,"[-3.656894365422081, 40.24222734478827, -3.6166015288325113, 40.272707020235536]",tan,first_light,2025-03-05 12:19:12.315623+00:00,2025-03-25 23:32:36.949166+00:00,v3,3.17.0,39.07528517415311,standard_sensitivity,29.60380232204152,2184.753049527756,443.907735994129,2.601851851851852,0.3412134402349682,28.334990864019183,3.85970667682386,ecmwf_ifs,Tanager,Planet Labs Inc.,https://api.carbonmapper.org/api/v1/catalog/asset/l3a-vis-ch4-mfa-v3/2025/02/03/tan20250203t113104c00s4001-C/tan20250203t113104c00s4001-C_l3a-vis-ch4-mfa-v3_plume.tif,https://api.carbonmapper.org/api/v1/catalog/asset/l3a-vis-ch4-mfa-v3/2025/02/03/tan20250203t113104c00s4001-C/tan20250203t113104c00s4001-C_l3a-vis-ch4-mfa-v3_plume.png,https://api.carbonmapper.org/api/v1/catalog/asset/l3a-ime-ch4-mfa-v3/2025/02/03/tan20250203t113104c00s4001-C/tan20250203t113104c00s4001-C_l3a-ime-ch4-mfa-v3_ime-cmf-concentrations.tif,https://api.carbonmapper.org/api/v1/catalog/asset/l3a-vis-ch4-mfa-v3/2025/02/03/tan20250203t113104c00s4001-C/tan20250203t113104c00s4001-C_l3a-vis-ch4-mfa-v3_rgb.tif,https://api.carbonmapper.org/api/v1/catalog/asset/l3a-vis-ch4-mfa-v3/2025/02/03/tan20250203t113104c00s4001-C/tan20250203t113104c00s4001-C_l3a-vis-ch4-mfa-v3_rgb.png,,POINT (446034.26913280797 4456641.829439464),90,90,40.275965763498746,-3.615719018581074
tan20241019t112033c00s4001-A,40.26327717097684,-3.6323165203513375,2024-10-19T11:20:33+00:00,Solid Waste (6A),CH4,mfa,"[-3.6503045020438307, 40.25254746064917, -3.607883971602941, 40.28464555611443]",tan,first_light,2024-11-15 20:27:50.808799+00:00,2025-03-25 23:07:21.982325+00:00,v3,3.17.0,39.33998059088199,standard_sensitivity,5.45010221968106,984.607516983409,299.1491666228559,2.074074074074074,0.57927749331915,227.3487735957108,17.25061512248141,ecmwf_ifs,Tanager,Planet Labs Inc.,https://api.carbonmapper.org/api/v1/catalog/asset/l3a-vis-ch4-mfa-v3/2024/10/19/tan20241019t112033c00s4001-A/tan20241019t112033c00s4001-A_l3a-vis-ch4-mfa-v3_plume.tif,https://api.carbonmapper.org/api/v1/catalog/asset/l3a-vis-ch4-mfa-v3/2024/10/19/tan20241019t112033c00s4001-A/tan20241019t112033c00s4001-A_l3a-vis-ch4-mfa-v3_plume.png,https://api.carbonmapper.org/api/v1/catalog/asset/l3a-ime-ch4-mfa-v3/2024/10/19/tan20241019t112033c00s4001-A/tan20241019t112033c00s4001-A_l3a-ime-ch4-mfa-v3_ime-cmf-concentrations.tif,https://api.carbonmapper.org/api/v1/catalog/asset/l3a-vis-ch4-mfa-v3/2024/10/19/tan20241019t112033c00s4001-A/tan20241019t112033c00s4001-A_l3a-vis-ch4-mfa-v3_rgb.tif,https://api.carbonmapper.org/api/v1/catalog/asset/l3a-vis-ch4-mfa-v3/2024/10/19/tan20241019t112033c00s4001-A/tan20241019t112033c00s4001-A_l3a-vis-ch4-mfa-v3_rgb.png,,POINT (446233.3308639161 4457170.827415838),90,90,40.275965763498746,-3.615719018581074
emi20240420t113844p08002-A,40.26416724713224,-3.628416620500275,2024-04-20T11:38:44+00:00,Solid Waste (6A),CH4,mfa,"[-3.6678739385649295, 40.23552241970438, -3.596626320637455, 40.29036327561658]",emi,production,2025-05-30 13:00:08.965225+00:00,2025-05-30 13:00:09.022905+00:00,v3,3.6.3,,,,1517.8344346774734,337.4275226312756,2.5370370370370368,0.4184119825072223,55.334177360247885,4.110931925621342,ecmwf_ifs,ISS,NASA-JPL EMIT,https://api.carbonmapper.org/api/v1/catalog/asset/l3a-vis-ch4-mfa-v3/2024/04/20/emi20240420t113844p08002-A/emi20240420t113844p08002-A_l3a-vis-ch4-mfa-v3_plume.tif,https://api.carbonmapper.org/api/v1/catalog/asset/l3a-vis-ch4-mfa-v3/2024/04/20/emi20240420t113844p08002-A/emi20240420t113844p08002-A_l3a-vis-ch4-mfa-v3_plume.png,https://api.carbonmapper.org/api/v1/catalog/asset/l3a-ime-ch4-mfa-v3/2024/04/20/emi20240420t113844p08002-A/emi20240420t113844p08002-A_l3a-ime-ch4-mfa-v3_ime-cmf-concentrations.tif,https://api.carbonmapper.org/api/v1/catalog/asset/l3a-vis-ch4-mfa-v3/2024/04/20/emi20240420t113844p08002-A/emi20240420t113844p08002-A_l3a-vis-ch4-mfa-v3_rgb.tif,https://api.carbonmapper.org/api/v1/catalog/asset/l3a-vis-ch4-mfa-v3/2024/04/20/emi20240420t113844p08002-A/emi20240420t113844p08002-A_l3a-vis-ch4-mfa-v3_rgb.png,,POINT (446565.64683304925 4457267.264590885),90,90,40.275965763498746,-3.615719018581074
emi20231007t105036p07002-A,40.2589805745526,-3.6362557406347378,2023-10-07T10:50:36+00:00,Solid Waste (6A),CH4,mfa,"[-3.677257992932365, 40.23073975704056, -3.606901478461619, 40.28396942630908]",emi,production,2024-02-15 20:21:21.855029+00:00,2025-03-25 22:48:43.447960+00:00,v3,3.18.1,,,,2212.704739688349,469.27176024037607,1.2037037037037035,0.2032823925935199,59.60743271941972,12.53626921640102,ecmwf_ifs,ISS,NASA-JPL EMIT,https://api.carbonmapper.org/api/v1/catalog/asset/l3a-vis-ch4-mfa-v3/2023/10/07/emi20231007t105036p07002-A/emi20231007t105036p07002-A_l3a-vis-ch4-mfa-v3_plume.tif,https://api.carbonmapper.org/api/v1/catalog/asset/l3a-vis-ch4-mfa-v3/2023/10/07/emi20231007t105036p07002-A/emi20231007t105036p07002-A_l3a-vis-ch4-mfa-v3_plume.png,https://api.carbonmapper.org/api/v1/catalog/asset/l3a-ime-ch4-mfa-v3/2023/10/07/emi20231007t105036p07002-A/emi20231007t105036p07002-A_l3a-ime-ch4-mfa-v3_ime-cmf-concentrations.tif,https://api.carbonmapper.org/api/v1/catalog/asset/l3a-vis-ch4-mfa-v3/2023/10/07/emi20231007t105036p07002-A/emi20231007t105036p07002-A_l3a-vis-ch4-mfa-v3_rgb.tif,https://api.carbonmapper.org/api/v1/catalog/asset/l3a-vis-ch4-mfa-v3/2023/10/07/emi20231007t105036p07002-A/emi20231007t105036p07002-A_l3a-vis-ch4-mfa-v3_rgb.png,,POINT (445894.9489620064 4456696.317423421),90,90,40.275965763498746,-3.615719018581074
emi20231007t105036p07002-C,40.26354952070977,-3.632022869035069,2023-10-07T10:50:36+00:00,Solid Waste (6A),CH4,mfa,"[-3.676652465753988, 40.23074295261274, -3.6062959410680824, 40.28397262709385]",emi,production,2025-05-30 13:00:08.965225+00:00,2025-05-30 13:00:09.104116+00:00,v3,3.6.3,,,,,,1.2037037037037035,0.2032823925935199,59.60743271941972,12.53626921640102,ecmwf_ifs,ISS,NASA-JPL EMIT,https://api.carbonmapper.org/api/v1/catalog/asset/l3a-vis-ch4-mfa-v3/2023/10/07/emi20231007t105036p07002-C/emi20231007t105036p07002-C_l3a-vis-ch4-mfa-v3_plume.tif,https://api.carbonmapper.org/api/v1/catalog/asset/l3a-vis-ch4-mfa-v3/2023/10/07/emi20231007t105036p07002-C/emi20231007t105036p07002-C_l3a-vis-ch4-mfa-v3_plume.png,https://api.carbonmapper.org/api/v1/catalog/asset/l3a-ime-ch4-mfa-v3/2023/10/07/emi20231007t105036p07002-C/emi20231007t105036p07002-C_l3a-ime-ch4-mfa-v3_ime-cmf-concentrations.tif,https://api.carbonmapper.org/api/v1/catalog/asset/l3a-vis-ch4-mfa-v3/2023/10/07/emi20231007t105036p07002-C/emi20231007t105036p07002-C_l3a-vis-ch4-mfa-v3_rgb.tif,https://api.carbonmapper.org/api/v1/catalog/asset/l3a-vis-ch4-mfa-v3/2023/10/07/emi20231007t105036p07002-C/emi20231007t105036p07002-C_l3a-vis-ch4-mfa-v3_rgb.png,,POINT (446258.5160997665 4457200.879194024),90,90,40.275965763498746,-3.615719018581074
emi20230224t102219p07003-A,40.25875205822504,-3.6362788174632215,2023-02-24T10:22:19+00:00,Solid Waste (6A),CH4,mfa,"[-3.7556492143295235, 40.19639505681582, -3.6070264618376378, 40.30982351080607]",emi,production,2023-07-25 23:18:15.916026+00:00,2025-03-25 22:42:09.760498+00:00,v3,3.18.1,,,,,,1.351851851851852,0.3770235753981913,46.332278943163466,3.4000945449399147,ecmwf_ifs,ISS,NASA-JPL EMIT,https://api.carbonmapper.org/api/v1/catalog/asset/l3a-vis-ch4-mfa-v3/2023/02/24/emi20230224t102219p07003-A/emi20230224t102219p07003-A_l3a-vis-ch4-mfa-v3_plume.tif,https://api.carbonmapper.org/api/v1/catalog/asset/l3a-vis-ch4-mfa-v3/2023/02/24/emi20230224t102219p07003-A/emi20230224t102219p07003-A_l3a-vis-ch4-mfa-v3_plume.png,https://api.carbonmapper.org/api/v1/catalog/asset/l3a-ime-ch4-mfa-v3/2023/02/24/emi20230224t102219p07003-A/emi20230224t102219p07003-A_l3a-ime-ch4-mfa-v3_ime-cmf-concentrations.tif,https://api.carbonmapper.org/api/v1/catalog/asset/l3a-vis-ch4-mfa-v3/2023/02/24/emi20230224t102219p07003-A/emi20230224t102219p07003-A_l3a-vis-ch4-mfa-v3_rgb.tif,https://api.carbonmapper.org/api/v1/catalog/asset/l3a-vis-ch4-mfa-v3/2023/02/24/emi20230224t102219p07003-A/emi20230224t102219p07003-A_l3a-vis-ch4-mfa-v3_rgb.png,,POINT (445892.8045337687 4456670.967031459),90,90,40.275965763498746,-3.615719018581074
emi20230224t102219p07003-B,40.26291632061054,-3.6325897971540257,2023-02-24T10:22:19+00:00,Solid Waste (6A),CH4,mfa,"[-3.7556492143295235, 40.19639505681582, -3.6070264618376378, 40.30982351080607]",emi,production,2025-05-30 13:00:08.965225+00:00,2025-05-30 13:00:09.180042+00:00,v3,3.6.3,,,,,,1.351851851851852,0.3770235753981913,46.332278943163466,3.4000945449399147,ecmwf_ifs,ISS,NASA-JPL EMIT,https://api.carbonmapper.org/api/v1/catalog/asset/l3a-vis-ch4-mfa-v3/2023/02/24/emi20230224t102219p07003-B/emi20230224t102219p07003-B_l3a-vis-ch4-mfa-v3_plume.tif,https://api.carbonmapper.org/api/v1/catalog/asset/l3a-vis-ch4-mfa-v3/2023/02/24/emi20230224t102219p07003-B/emi20230224t102219p07003-B_l3a-vis-ch4-mfa-v3_plume.png,https://api.carbonmapper.org/api/v1/catalog/asset/l3a-ime-ch4-mfa-v3/2023/02/24/emi20230224t102219p07003-B/emi20230224t102219p07003-B_l3a-ime-ch4-mfa-v3_ime-cmf-concentrations.tif,https://api.carbonmapper.org/api/v1/catalog/asset/l3a-vis-ch4-mfa-v3/2023/02/24/emi20230224t102219p07003-B/emi20230224t102219p07003-B_l3a-vis-ch4-mfa-v3_rgb.tif,https://api.carbonmapper.org/api/v1/catalog/asset/l3a-vis-ch4-mfa-v3/2023/02/24/emi20230224t102219p07003-B/emi20230224t102219p07003-B_l3a-vis-ch4-mfa-v3_rgb.png,,POINT (446209.807820158 4457130.940106144),90,90,40.275965763498746,-3.615719018581074
